time_utc,time_local,elapsed_s,wind_speed_m_s,wind_dir_deg,gust_m_s,temperature_c,humidity_pct,pressure_sealevel_pa,source
2026-09-29T16:42:19.000Z,2026-09-29T10:42:19.000-06:00,-55.862,4.12,360,8.75,13.33,75,101626,hwas_wx_data_20260929_075519.csv
2026-09-29T16:42:49.000Z,2026-09-29T10:42:49.000-06:00,-25.862,4.12,360,8.75,13.33,75,101626,hwas_wx_data_20260929_075519.csv
2026-09-29T16:43:19.000Z,2026-09-29T10:43:19.000-06:00,4.138,4.12,360,8.75,13.33,75,101626,hwas_wx_data_20260929_075519.csv
2026-09-29T16:43:49.000Z,2026-09-29T10:43:49.000-06:00,34.138,4.12,360,8.75,13.33,75,101626,hwas_wx_data_20260929_075519.csv
2026-09-29T16:44:19.000Z,2026-09-29T10:44:19.000-06:00,64.138,5.14,360,9.26,13.33,74,101626,hwas_wx_data_20260929_075519.csv
2026-09-29T16:44:49.000Z,2026-09-29T10:44:49.000-06:00,94.138,5.14,360,9.26,13.33,74,101626,hwas_wx_data_20260929_075519.csv
2026-09-29T16:45:19.000Z,2026-09-29T10:45:19.000-06:00,124.138,5.14,360,9.26,13.33,74,101626,hwas_wx_data_20260929_075519.csv
2026-09-29T16:45:49.000Z,2026-09-29T10:45:49.000-06:00,154.138,5.14,360,9.26,13.33,74,101626,hwas_wx_data_20260929_075519.csv
2026-09-29T16:46:19.000Z,2026-09-29T10:46:19.000-06:00,184.138,4.63,350,9.26,13.33,74,101626,hwas_wx_data_20260929_075519.csv
2026-09-29T16:46:49.000Z,2026-09-29T10:46:49.000-06:00,214.138,4.63,350,9.26,13.33,74,101626,hwas_wx_data_20260929_075519.csv
2026-09-29T16:47:19.000Z,2026-09-29T10:47:19.000-06:00,244.138,4.63,350,9.26,13.33,74,101626,hwas_wx_data_20260929_075519.csv
2026-09-29T16:47:49.000Z,2026-09-29T10:47:49.000-06:00,274.138,4.63,350,9.26,13.33,74,101626,hwas_wx_data_20260929_075519.csv
2026-09-29T16:48:19.000Z,2026-09-29T10:48:19.000-06:00,304.138,6.17,10,9.26,13.33,74,101626,hwas_wx_data_20260929_075519.csv
2026-09-29T16:48:49.000Z,2026-09-29T10:48:49.000-06:00,334.138,6.17,10,9.26,13.33,74,101626,hwas_wx_data_20260929_075519.csv
2026-09-29T16:49:19.000Z,2026-09-29T10:49:19.000-06:00,364.138,6.17,10,9.26,13.33,74,101626,hwas_wx_data_20260929_075519.csv
2026-09-29T16:49:49.000Z,2026-09-29T10:49:49.000-06:00,394.138,6.17,10,9.26,13.33,74,101626,hwas_wx_data_20260929_075519.csv
2026-09-29T16:50:19.000Z,2026-09-29T10:50:19.000-06:00,424.138,5.66,340,9.26,13.33,74,101592,hwas_wx_data_20260929_075519.csv
