Timestamp,Elapsed Seconds,Direction (deg),Speed (m/s),Gust (m/s),Temperature (C),Humidity (%),Pressure (Pa)
09/29/2026 07:55:19,0.0,350,3.09,0.00,11.11,78,101456
09/29/2026 07:55:49,30.0,350,3.09,0.00,11.11,78,101456
09/29/2026 07:56:19,60.0,350,4.12,0.00,11.11,79,101422
09/29/2026 07:56:49,90.0,350,4.12,0.00,11.11,79,101422
09/29/2026 07:57:19,120.0,350,4.12,0.00,11.11,79,101422
09/29/2026 07:57:49,150.0,350,4.12,0.00,11.11,79,101422
09/29/2026 07:58:19,180.0,350,4.63,0.00,11.11,79,101422
09/29/2026 07:58:49,210.0,350,4.63,0.00,11.11,79,101422
09/29/2026 07:59:19,240.0,350,4.63,0.00,11.11,79,101422
09/29/2026 07:59:49,270.0,350,4.63,0.00,11.11,79,101422
09/29/2026 08:00:19,300.0,340,3.09,6.17,11.11,79,101422
09/29/2026 08:00:49,330.0,340,3.09,6.17,11.11,79,101422
09/29/2026 08:01:19,360.0,340,3.09,6.17,11.11,79,101422
09/29/2026 08:01:49,390.0,340,3.09,6.17,11.11,79,101422
09/29/2026 08:02:19,420.0,350,5.14,7.72,11.11,78,101422
09/29/2026 08:02:49,450.0,350,5.14,7.72,11.11,78,101422
09/29/2026 08:03:19,480.0,350,5.14,7.72,11.11,78,101422
09/29/2026 08:03:49,510.0,350,5.14,7.72,11.11,78,101422
09/29/2026 08:04:19,540.0,340,4.63,7.72,11.67,78,101422
09/29/2026 08:04:49,570.0,340,4.63,7.72,11.67,78,101422
09/29/2026 08:05:19,600.0,340,4.63,7.72,11.67,78,101422
09/29/2026 08:05:49,630.0,340,4.63,7.72,11.67,78,101422
09/29/2026 08:06:19,660.0,360,4.63,7.72,11.67,77,101422
09/29/2026 08:06:49,690.0,360,4.63,7.72,11.67,77,101422
09/29/2026 08:07:19,720.0,360,4.63,7.72,11.67,77,101422
09/29/2026 08:07:49,750.0,360,4.63,7.72,11.67,77,101422
09/29/2026 08:08:19,780.0,350,3.09,7.72,11.67,77,101422
09/29/2026 08:08:49,810.0,350,3.09,7.72,11.67,77,101422
09/29/2026 08:09:19,840.0,350,3.09,7.72,11.67,77,101422
09/29/2026 08:09:49,870.0,350,3.09,7.72,11.67,77,101422
09/29/2026 08:10:19,900.0,340,4.12,7.72,11.67,77,101456
09/29/2026 08:10:49,930.0,340,4.12,7.72,11.67,77,101456
09/29/2026 08:11:19,960.0,340,4.12,7.72,11.67,77,101456
09/29/2026 08:11:49,990.0,340,4.12,7.72,11.67,77,101456
09/29/2026 08:12:19,1020.0,350,4.63,0.00,11.67,77,101456
09/29/2026 08:12:49,1050.0,350,4.63,0.00,11.67,77,101456
09/29/2026 08:13:19,1080.0,350,4.63,0.00,11.67,77,101456
09/29/2026 08:13:49,1110.0,350,4.63,0.00,11.67,77,101456
09/29/2026 08:14:19,1140.0,350,5.14,0.00,11.67,76,101456
09/29/2026 08:14:49,1170.0,350,5.14,0.00,11.67,76,101456
09/29/2026 08:15:19,1200.0,350,5.14,0.00,11.67,76,101456
09/29/2026 08:15:49,1230.0,350,5.14,0.00,11.67,76,101456
09/29/2026 08:16:19,1260.0,360,6.17,8.75,11.67,76,101456
09/29/2026 08:16:49,1290.0,360,6.17,8.75,11.67,76,101456
09/29/2026 08:17:19,1320.0,360,6.17,8.75,11.67,76,101456
09/29/2026 08:17:49,1350.0,360,6.17,8.75,11.67,76,101456
09/29/2026 08:18:19,1380.0,350,4.63,8.75,11.67,76,101456
09/29/2026 08:18:49,1410.0,350,4.63,8.75,11.67,76,101456
09/29/2026 08:19:19,1440.0,350,4.63,8.75,11.67,76,101456
09/29/2026 08:19:49,1470.0,350,4.63,8.75,11.67,76,101456
09/29/2026 08:20:19,1500.0,340,4.12,8.75,11.67,77,101490
09/29/2026 08:20:49,1530.0,340,4.12,8.75,11.67,77,101490
09/29/2026 08:21:19,1560.0,340,4.12,8.75,11.67,77,101490
09/29/2026 08:21:49,1590.0,340,4.12,8.75,11.67,77,101490
09/29/2026 08:22:19,1620.0,340,4.12,8.75,11.67,77,101490
09/29/2026 08:22:49,1650.0,340,4.12,8.75,11.67,77,101490
09/29/2026 08:23:19,1680.0,340,4.12,8.75,11.67,77,101490
09/29/2026 08:23:49,1710.0,340,4.12,8.75,11.67,77,101490
09/29/2026 08:24:19,1740.0,330,4.63,8.75,11.67,76,101490
09/29/2026 08:24:49,1770.0,330,4.63,8.75,11.67,76,101490
09/29/2026 08:25:19,1800.0,330,4.63,8.75,11.67,76,101490
09/29/2026 08:25:49,1830.0,330,4.63,8.75,11.67,76,101490
09/29/2026 08:26:19,1860.0,330,4.63,7.20,11.67,76,101490
09/29/2026 08:26:49,1890.0,330,4.63,7.20,11.67,76,101490
09/29/2026 08:27:19,1920.0,330,4.63,7.20,11.67,76,101490
09/29/2026 08:27:49,1950.0,330,4.63,7.20,11.67,76,101490
09/29/2026 08:28:19,1980.0,330,3.09,7.20,11.67,75,101490
09/29/2026 08:28:49,2010.0,330,3.09,7.20,11.67,75,101490
09/29/2026 08:29:19,2040.0,330,3.09,7.20,11.67,75,101490
09/29/2026 08:29:49,2070.0,330,3.09,7.20,11.67,75,101490
09/29/2026 08:30:19,2100.0,320,4.63,0.00,12.22,75,101490
09/29/2026 08:30:49,2130.0,320,4.63,0.00,12.22,75,101490
09/29/2026 08:31:19,2160.0,320,4.63,0.00,12.22,75,101490
09/29/2026 08:31:49,2190.0,320,4.63,0.00,12.22,75,101490
09/29/2026 08:32:19,2220.0,330,4.63,0.00,12.22,75,101490
09/29/2026 08:32:49,2250.0,330,4.63,0.00,12.22,75,101490
09/29/2026 08:33:19,2280.0,330,4.63,0.00,12.22,75,101490
09/29/2026 08:33:49,2310.0,330,4.63,0.00,12.22,75,101490
09/29/2026 08:34:19,2340.0,330,5.14,0.00,12.22,74,101490
09/29/2026 08:34:49,2370.0,330,5.14,0.00,12.22,74,101490
09/29/2026 08:35:19,2400.0,330,5.14,0.00,12.22,74,101490
09/29/2026 08:35:49,2430.0,330,5.14,0.00,12.22,74,101490
09/29/2026 08:36:19,2460.0,330,4.12,0.00,12.22,74,101490
09/29/2026 08:36:49,2490.0,330,4.12,0.00,12.22,74,101490
09/29/2026 08:37:19,2520.0,330,4.12,0.00,12.22,74,101490
09/29/2026 08:37:49,2550.0,330,4.12,0.00,12.22,74,101490
09/29/2026 08:38:19,2580.0,330,3.60,6.69,12.22,74,101490
09/29/2026 08:38:49,2610.0,330,3.60,6.69,12.22,74,101490
09/29/2026 08:39:19,2640.0,330,3.60,6.69,12.22,74,101490
09/29/2026 08:39:49,2670.0,330,3.60,6.69,12.22,74,101490
09/29/2026 08:40:19,2700.0,340,4.12,7.20,12.22,74,101490
09/29/2026 08:40:49,2730.0,340,4.12,7.20,12.22,74,101490
09/29/2026 08:41:19,2760.0,340,4.12,7.20,12.22,74,101490
09/29/2026 08:41:49,2790.0,340,4.12,7.20,12.22,74,101490
09/29/2026 08:42:19,2820.0,340,4.63,7.20,12.22,74,101490
09/29/2026 08:42:49,2850.0,340,4.63,7.20,12.22,74,101490
09/29/2026 08:43:19,2880.0,340,4.63,7.20,12.22,74,101490
09/29/2026 08:43:49,2910.0,340,4.63,7.20,12.22,74,101490
09/29/2026 08:44:19,2940.0,340,4.63,7.20,12.22,74,101490
09/29/2026 08:44:49,2970.0,340,4.63,7.20,12.22,73,101490
09/29/2026 08:45:19,3000.0,340,4.63,7.20,12.22,73,101490
09/29/2026 08:45:49,3030.0,340,4.63,7.20,12.22,73,101490
09/29/2026 08:46:19,3060.0,340,4.12,7.20,12.22,73,101490
09/29/2026 08:46:49,3090.0,340,4.12,7.20,12.22,73,101490
09/29/2026 08:47:19,3120.0,340,4.12,7.20,12.22,73,101490
09/29/2026 08:47:49,3150.0,340,4.12,7.20,12.22,73,101490
09/29/2026 08:48:19,3180.0,340,4.12,7.20,12.22,73,101490
09/29/2026 08:48:49,3210.0,350,5.14,0.00,12.22,73,101490
09/29/2026 08:49:19,3240.0,350,5.14,0.00,12.22,73,101490
09/29/2026 08:49:49,3270.0,350,5.14,0.00,12.22,73,101490
09/29/2026 08:50:19,3300.0,350,5.14,7.20,12.22,72,101490
09/29/2026 08:50:49,3330.0,350,5.14,7.20,12.22,72,101490
09/29/2026 08:51:19,3360.0,350,5.14,7.20,12.22,72,101490
09/29/2026 08:51:49,3390.0,350,5.14,7.20,12.22,72,101490
09/29/2026 08:52:19,3420.0,330,5.14,7.72,12.22,72,101490
09/29/2026 08:52:49,3450.0,330,5.14,7.72,12.22,72,101490
09/29/2026 08:53:19,3480.0,330,5.14,7.72,12.22,72,101490
09/29/2026 08:53:49,3510.0,330,5.14,7.72,12.22,72,101490
09/29/2026 08:54:19,3540.0,330,5.14,7.72,12.22,72,101490
09/29/2026 08:54:49,3570.0,340,5.66,0.00,12.22,72,101490
09/29/2026 08:55:19,3600.0,340,5.66,0.00,12.22,72,101490
09/29/2026 08:55:49,3630.0,340,5.66,0.00,12.22,72,101490
09/29/2026 08:56:19,3660.0,340,4.63,7.72,12.22,72,101558
09/29/2026 08:56:49,3690.0,340,4.63,7.72,12.22,72,101558
09/29/2026 08:57:19,3720.0,340,4.63,7.72,12.22,72,101558
09/29/2026 08:57:49,3750.0,340,4.63,7.72,12.22,72,101558
09/29/2026 08:58:19,3780.0,350,4.12,7.72,12.22,73,101558
09/29/2026 08:58:49,3810.0,350,4.12,7.72,12.22,73,101558
09/29/2026 08:59:19,3840.0,350,4.12,7.72,12.22,73,101558
09/29/2026 08:59:49,3870.0,350,4.12,7.72,12.22,73,101558
09/29/2026 09:00:19,3900.0,350,4.12,0.00,12.22,73,101592
09/29/2026 09:00:49,3930.0,350,4.12,0.00,12.22,73,101592
09/29/2026 09:01:19,3960.0,350,4.12,0.00,12.22,73,101592
09/29/2026 09:01:49,3990.0,350,4.12,0.00,12.22,73,101592
09/29/2026 09:02:19,4020.0,350,4.12,0.00,12.22,73,101592
09/29/2026 09:02:49,4050.0,350,4.63,0.00,12.22,73,101592
09/29/2026 09:03:19,4080.0,350,4.63,0.00,12.22,73,101592
09/29/2026 09:03:49,4110.0,350,4.63,0.00,12.22,73,101592
09/29/2026 09:04:19,4140.0,350,5.66,0.00,12.22,73,101592
09/29/2026 09:04:49,4170.0,350,5.66,0.00,12.22,73,101592
09/29/2026 09:05:19,4200.0,350,5.66,0.00,12.22,73,101592
09/29/2026 09:05:49,4230.0,350,5.66,0.00,12.22,73,101592
09/29/2026 09:06:19,4260.0,350,4.12,7.20,12.22,74,101558
09/29/2026 09:06:49,4290.0,350,4.12,7.20,12.22,74,101558
09/29/2026 09:07:19,4320.0,350,4.12,7.20,12.22,74,101558
09/29/2026 09:07:49,4350.0,350,4.12,7.20,12.22,74,101558
09/29/2026 09:08:19,4380.0,350,4.12,0.00,12.78,73,101558
09/29/2026 09:08:49,4410.0,350,4.12,0.00,12.78,73,101558
09/29/2026 09:09:19,4440.0,350,4.12,0.00,12.78,73,101558
09/29/2026 09:09:49,4470.0,350,4.12,0.00,12.78,73,101558
09/29/2026 09:10:19,4500.0,350,4.63,0.00,12.78,73,101558
09/29/2026 09:10:49,4530.0,350,4.63,0.00,12.78,73,101558
09/29/2026 09:11:19,4560.0,350,4.63,0.00,12.78,73,101558
09/29/2026 09:11:49,4590.0,350,4.63,0.00,12.78,73,101558
09/29/2026 09:12:19,4620.0,350,4.12,7.20,12.78,72,101558
09/29/2026 09:12:49,4650.0,350,4.12,7.20,12.78,72,101558
09/29/2026 09:13:19,4680.0,350,4.12,7.20,12.78,72,101558
09/29/2026 09:13:49,4710.0,350,4.12,7.20,12.78,72,101558
09/29/2026 09:14:19,4740.0,340,4.63,7.20,12.78,72,101558
09/29/2026 09:14:49,4770.0,340,4.63,7.20,12.78,72,101558
09/29/2026 09:15:19,4800.0,340,4.63,7.20,12.78,72,101558
09/29/2026 09:15:49,4830.0,340,4.63,7.20,12.78,72,101558
09/29/2026 09:16:19,4860.0,350,4.12,0.00,12.78,73,101558
09/29/2026 09:16:49,4890.0,350,4.12,0.00,12.78,73,101558
09/29/2026 09:17:19,4920.0,350,4.12,0.00,12.78,73,101558
09/29/2026 09:17:49,4950.0,350,4.12,0.00,12.78,73,101558
09/29/2026 09:18:19,4980.0,340,4.63,7.20,12.78,72,101558
09/29/2026 09:18:49,5010.0,340,4.63,7.20,12.78,72,101558
09/29/2026 09:19:19,5040.0,340,4.63,7.20,12.78,72,101558
09/29/2026 09:19:49,5070.0,340,4.63,7.20,12.78,72,101558
09/29/2026 09:20:19,5100.0,350,5.14,7.20,12.78,73,101558
09/29/2026 09:20:49,5130.0,350,5.14,7.20,12.78,73,101558
09/29/2026 09:21:19,5160.0,350,5.14,7.20,12.78,73,101558
09/29/2026 09:21:49,5190.0,350,5.14,7.20,12.78,73,101558
09/29/2026 09:22:19,5220.0,340,5.14,7.72,12.78,74,101558
09/29/2026 09:22:49,5250.0,340,5.14,7.72,12.78,74,101558
09/29/2026 09:23:19,5280.0,340,5.14,7.72,12.78,74,101558
09/29/2026 09:23:49,5310.0,340,5.14,7.72,12.78,74,101558
09/29/2026 09:24:19,5340.0,350,5.66,7.72,12.78,74,101558
09/29/2026 09:24:49,5370.0,350,5.66,7.72,12.78,74,101558
09/29/2026 09:25:19,5400.0,350,5.66,7.72,12.78,74,101558
09/29/2026 09:25:49,5430.0,350,5.66,7.72,12.78,74,101558
09/29/2026 09:26:19,5460.0,350,6.17,0.00,12.78,74,101524
09/29/2026 09:26:49,5490.0,350,6.17,0.00,12.78,74,101524
09/29/2026 09:27:19,5520.0,350,6.17,0.00,12.78,74,101524
09/29/2026 09:27:49,5550.0,350,6.17,0.00,12.78,74,101524
09/29/2026 09:28:19,5580.0,350,6.17,0.00,12.78,74,101524
09/29/2026 09:28:49,5610.0,350,5.66,0.00,12.78,74,101524
09/29/2026 09:29:19,5640.0,350,5.66,0.00,12.78,74,101524
09/29/2026 09:29:49,5670.0,350,5.66,0.00,12.78,74,101524
09/29/2026 09:30:19,5700.0,350,6.17,0.00,12.78,74,101524
09/29/2026 09:30:49,5730.0,350,6.17,0.00,12.78,74,101524
09/29/2026 09:31:19,5760.0,350,6.17,0.00,12.78,74,101524
09/29/2026 09:31:49,5790.0,350,6.17,0.00,12.78,74,101524
09/29/2026 09:32:19,5820.0,340,5.14,8.75,12.78,75,101524
09/29/2026 09:32:49,5850.0,340,5.14,8.75,12.78,75,101524
09/29/2026 09:33:19,5880.0,340,5.14,8.75,12.78,75,101524
09/29/2026 09:33:49,5910.0,340,5.14,8.75,12.78,75,101524
09/29/2026 09:34:19,5940.0,340,5.14,8.75,12.78,75,101524
09/29/2026 09:34:49,5970.0,340,6.17,0.00,12.78,75,101524
09/29/2026 09:35:19,6000.0,340,6.17,0.00,12.78,75,101524
09/29/2026 09:35:49,6030.0,340,6.17,0.00,12.78,75,101524
09/29/2026 09:36:19,6060.0,350,5.14,0.00,12.78,76,101524
09/29/2026 09:36:49,6090.0,350,5.14,0.00,12.78,76,101524
09/29/2026 09:37:19,6120.0,350,5.14,0.00,12.78,76,101524
09/29/2026 09:37:49,6150.0,350,5.14,0.00,12.78,76,101524
09/29/2026 09:38:19,6180.0,340,5.14,8.23,12.78,74,101524
09/29/2026 09:38:49,6210.0,340,5.14,8.23,12.78,74,101524
09/29/2026 09:39:19,6240.0,340,5.14,8.23,12.78,74,101524
09/29/2026 09:39:49,6270.0,340,5.14,8.23,12.78,74,101524
09/29/2026 09:40:19,6300.0,340,5.14,8.23,12.78,74,101524
09/29/2026 09:40:49,6330.0,340,5.14,8.23,12.78,75,101524
09/29/2026 09:41:19,6360.0,340,5.14,8.23,12.78,75,101524
09/29/2026 09:41:49,6390.0,340,5.14,8.23,12.78,75,101524
09/29/2026 09:42:19,6420.0,350,5.14,8.23,12.78,75,101524
09/29/2026 09:42:49,6450.0,350,5.14,8.23,12.78,75,101524
09/29/2026 09:43:19,6480.0,350,5.14,8.23,12.78,75,101524
09/29/2026 09:43:49,6510.0,350,5.14,8.23,12.78,75,101524
09/29/2026 09:44:19,6540.0,350,5.14,7.72,12.78,76,101524
09/29/2026 09:44:49,6570.0,350,5.14,7.72,12.78,76,101524
09/29/2026 09:45:19,6600.0,350,5.14,7.72,12.78,76,101524
09/29/2026 09:45:49,6630.0,350,5.14,7.72,12.78,76,101524
09/29/2026 09:46:19,6660.0,340,6.69,0.00,12.78,77,101558
09/29/2026 09:46:49,6690.0,340,6.69,0.00,12.78,77,101558
09/29/2026 09:47:19,6720.0,340,6.69,0.00,12.78,77,101558
09/29/2026 09:47:49,6750.0,340,6.69,0.00,12.78,77,101558
09/29/2026 09:48:19,6780.0,350,5.14,8.75,12.78,77,101558
09/29/2026 09:48:49,6810.0,350,5.14,8.75,12.78,77,101558
09/29/2026 09:49:19,6840.0,350,5.14,8.75,12.78,77,101558
09/29/2026 09:49:49,6870.0,350,5.14,8.75,12.78,77,101558
09/29/2026 09:50:19,6900.0,340,5.14,8.75,12.78,78,101592
09/29/2026 09:50:49,6930.0,340,5.14,8.75,12.78,78,101592
09/29/2026 09:51:19,6960.0,340,5.14,8.75,12.78,78,101592
09/29/2026 09:51:49,6990.0,340,5.14,8.75,12.78,78,101592
09/29/2026 09:52:19,7020.0,330,5.14,8.75,12.78,78,101592
09/29/2026 09:52:49,7050.0,330,5.14,8.75,12.78,78,101592
09/29/2026 09:53:19,7080.0,330,5.14,8.75,12.78,78,101592
09/29/2026 09:53:49,7110.0,330,5.14,8.75,12.78,78,101592
09/29/2026 09:54:19,7140.0,330,5.14,8.75,12.78,77,101592
09/29/2026 09:54:49,7170.0,330,5.14,8.75,12.78,77,101592
09/29/2026 09:55:19,7200.0,330,5.14,8.75,12.78,77,101592
09/29/2026 09:55:49,7230.0,330,5.14,8.75,12.78,77,101592
09/29/2026 09:56:19,7260.0,330,5.14,0.00,12.78,77,101626
09/29/2026 09:56:49,7290.0,330,5.14,0.00,12.78,77,101626
09/29/2026 09:57:19,7320.0,330,5.14,0.00,12.78,77,101626
09/29/2026 09:57:49,7350.0,330,5.14,0.00,12.78,77,101626
09/29/2026 09:58:19,7380.0,330,5.66,0.00,12.78,76,101626
09/29/2026 09:58:49,7410.0,330,5.66,0.00,12.78,76,101626
09/29/2026 09:59:19,7440.0,330,5.66,0.00,12.78,76,101626
09/29/2026 09:59:49,7470.0,330,5.66,0.00,12.78,76,101626
09/29/2026 10:00:19,7500.0,330,5.14,0.00,12.78,76,101626
09/29/2026 10:00:49,7530.0,330,5.14,0.00,12.78,76,101626
09/29/2026 10:01:19,7560.0,330,5.14,0.00,12.78,76,101626
09/29/2026 10:01:49,7590.0,330,5.14,0.00,12.78,76,101626
09/29/2026 10:02:19,7620.0,340,4.63,7.20,12.78,75,101626
09/29/2026 10:02:49,7650.0,340,4.63,7.20,12.78,75,101626
09/29/2026 10:03:19,7680.0,340,4.63,7.20,12.78,75,101626
09/29/2026 10:03:49,7710.0,340,4.63,7.20,12.78,75,101626
09/29/2026 10:04:19,7740.0,340,4.63,0.00,12.78,75,101626
09/29/2026 10:04:49,7770.0,340,4.63,0.00,12.78,75,101626
09/29/2026 10:05:19,7800.0,340,4.63,0.00,12.78,75,101626
09/29/2026 10:05:49,7830.0,340,4.63,0.00,12.78,75,101626
09/29/2026 10:06:19,7860.0,350,4.12,7.20,12.78,75,101626
09/29/2026 10:06:49,7890.0,350,4.12,7.20,12.78,75,101626
09/29/2026 10:07:19,7920.0,350,4.12,7.20,12.78,75,101626
09/29/2026 10:07:49,7950.0,350,4.12,7.20,12.78,75,101626
09/29/2026 10:08:19,7980.0,350,4.12,7.20,12.78,75,101626
09/29/2026 10:08:49,8010.0,350,5.14,7.72,12.78,76,101626
09/29/2026 10:09:19,8040.0,350,5.14,7.72,12.78,76,101626
09/29/2026 10:09:49,8070.0,350,5.14,7.72,12.78,76,101626
09/29/2026 10:10:19,8100.0,350,5.66,0.00,12.78,75,101592
09/29/2026 10:10:49,8130.0,350,5.66,0.00,12.78,75,101592
09/29/2026 10:11:19,8160.0,350,5.66,0.00,12.78,75,101592
09/29/2026 10:11:49,8190.0,350,5.66,0.00,12.78,75,101592
09/29/2026 10:12:19,8220.0,340,6.69,8.75,12.78,76,101592
09/29/2026 10:12:49,8250.0,340,6.69,8.75,12.78,76,101592
09/29/2026 10:13:19,8280.0,340,6.69,8.75,12.78,76,101592
09/29/2026 10:13:49,8310.0,340,6.69,8.75,12.78,76,101592
09/29/2026 10:14:19,8340.0,350,6.17,0.00,12.78,76,101592
09/29/2026 10:14:49,8370.0,350,6.17,0.00,12.78,76,101592
09/29/2026 10:15:19,8400.0,350,6.17,0.00,12.78,76,101592
09/29/2026 10:15:49,8430.0,350,6.17,0.00,12.78,76,101592
09/29/2026 10:16:19,8460.0,350,6.69,0.00,12.78,76,101592
09/29/2026 10:16:49,8490.0,350,6.69,0.00,12.78,76,101592
09/29/2026 10:17:19,8520.0,350,6.69,0.00,12.78,76,101592
09/29/2026 10:17:49,8550.0,350,6.69,0.00,12.78,76,101592
09/29/2026 10:18:19,8580.0,350,5.14,8.75,12.78,76,101592
09/29/2026 10:18:49,8610.0,350,5.14,8.75,12.78,76,101592
09/29/2026 10:19:19,8640.0,350,5.14,8.75,12.78,76,101592
09/29/2026 10:19:49,8670.0,350,5.14,8.75,12.78,76,101592
09/29/2026 10:20:19,8700.0,350,5.66,0.00,12.78,76,101626
09/29/2026 10:20:49,8730.0,350,5.66,0.00,12.78,76,101626
09/29/2026 10:21:19,8760.0,350,5.66,0.00,12.78,76,101626
09/29/2026 10:21:49,8790.0,350,5.66,0.00,12.78,76,101626
09/29/2026 10:22:19,8820.0,350,5.14,8.75,13.33,75,101626
09/29/2026 10:22:49,8850.0,350,5.14,8.75,13.33,75,101626
09/29/2026 10:23:19,8880.0,350,5.14,8.75,13.33,75,101626
09/29/2026 10:23:49,8910.0,350,5.14,8.75,13.33,75,101626
09/29/2026 10:24:19,8940.0,340,5.66,8.75,13.33,75,101626
09/29/2026 10:24:49,8970.0,340,5.66,8.75,13.33,75,101626
09/29/2026 10:25:19,9000.0,340,5.66,8.75,13.33,75,101626
09/29/2026 10:25:49,9030.0,340,5.66,8.75,13.33,75,101626
09/29/2026 10:26:19,9060.0,350,5.14,0.00,13.33,74,101626
09/29/2026 10:26:49,9090.0,350,5.14,0.00,13.33,74,101626
09/29/2026 10:27:19,9120.0,350,5.14,0.00,13.33,74,101626
09/29/2026 10:27:49,9150.0,350,5.14,0.00,13.33,74,101626
09/29/2026 10:28:19,9180.0,350,6.17,0.00,13.33,73,101626
09/29/2026 10:28:49,9210.0,350,6.17,0.00,13.33,73,101626
09/29/2026 10:29:19,9240.0,350,6.17,0.00,13.33,73,101626
09/29/2026 10:29:49,9270.0,350,6.17,0.00,13.33,73,101626
09/29/2026 10:30:19,9300.0,340,4.12,8.75,13.33,74,101592
09/29/2026 10:30:49,9330.0,340,4.12,8.75,13.33,74,101592
09/29/2026 10:31:19,9360.0,340,4.12,8.75,13.33,74,101592
09/29/2026 10:31:49,9390.0,340,4.12,8.75,13.33,74,101592
09/29/2026 10:32:19,9420.0,360,5.14,8.75,13.33,73,101592
09/29/2026 10:32:49,9450.0,360,5.14,8.75,13.33,73,101592
09/29/2026 10:33:19,9480.0,360,5.14,8.75,13.33,73,101592
09/29/2026 10:33:49,9510.0,360,5.14,8.75,13.33,73,101592
09/29/2026 10:34:19,9540.0,350,6.17,0.00,13.33,73,101592
09/29/2026 10:34:49,9570.0,350,6.17,0.00,13.33,73,101592
09/29/2026 10:35:19,9600.0,350,6.17,0.00,13.33,73,101592
09/29/2026 10:35:49,9630.0,350,6.17,0.00,13.33,73,101592
09/29/2026 10:36:19,9660.0,350,5.14,8.75,13.33,74,101592
09/29/2026 10:36:49,9690.0,350,5.14,8.75,13.33,74,101592
09/29/2026 10:37:19,9720.0,350,5.14,8.75,13.33,74,101592
09/29/2026 10:37:49,9750.0,350,5.14,8.75,13.33,74,101592
09/29/2026 10:38:19,9780.0,360,5.66,0.00,13.33,73,101592
09/29/2026 10:38:49,9810.0,360,5.66,0.00,13.33,73,101592
09/29/2026 10:39:19,9840.0,360,5.66,0.00,13.33,73,101592
09/29/2026 10:39:49,9870.0,360,5.66,0.00,13.33,73,101592
09/29/2026 10:40:19,9900.0,360,6.17,8.75,13.33,74,101626
09/29/2026 10:40:49,9930.0,360,6.17,8.75,13.33,74,101626
09/29/2026 10:41:19,9960.0,360,6.17,8.75,13.33,74,101626
09/29/2026 10:41:49,9990.0,360,6.17,8.75,13.33,74,101626
09/29/2026 10:42:19,10020.0,360,4.12,8.75,13.33,75,101626
09/29/2026 10:42:49,10050.0,360,4.12,8.75,13.33,75,101626
09/29/2026 10:43:19,10080.0,360,4.12,8.75,13.33,75,101626
09/29/2026 10:43:49,10110.0,360,4.12,8.75,13.33,75,101626
09/29/2026 10:44:19,10140.0,360,5.14,9.26,13.33,74,101626
09/29/2026 10:44:49,10170.0,360,5.14,9.26,13.33,74,101626
09/29/2026 10:45:19,10200.0,360,5.14,9.26,13.33,74,101626
09/29/2026 10:45:49,10230.0,360,5.14,9.26,13.33,74,101626
09/29/2026 10:46:19,10260.0,350,4.63,9.26,13.33,74,101626
09/29/2026 10:46:49,10290.0,350,4.63,9.26,13.33,74,101626
09/29/2026 10:47:19,10320.0,350,4.63,9.26,13.33,74,101626
09/29/2026 10:47:49,10350.0,350,4.63,9.26,13.33,74,101626
09/29/2026 10:48:19,10380.0,10,6.17,9.26,13.33,74,101626
09/29/2026 10:48:49,10410.0,10,6.17,9.26,13.33,74,101626
09/29/2026 10:49:19,10440.0,10,6.17,9.26,13.33,74,101626
09/29/2026 10:49:49,10470.0,10,6.17,9.26,13.33,74,101626
09/29/2026 10:50:19,10500.0,340,5.66,9.26,13.33,74,101592
09/29/2026 10:50:49,10530.0,340,5.66,9.26,13.33,74,101592
09/29/2026 10:51:19,10560.0,340,5.66,9.26,13.33,74,101592
09/29/2026 10:51:49,10590.0,340,5.66,9.26,13.33,74,101592
09/29/2026 10:52:19,10620.0,350,4.63,9.26,13.33,75,101592
09/29/2026 10:52:49,10650.0,350,4.63,9.26,13.33,75,101592
09/29/2026 10:53:19,10680.0,350,4.63,9.26,13.33,75,101592
09/29/2026 10:53:49,10710.0,350,4.63,9.26,13.33,75,101592
09/29/2026 10:54:19,10740.0,340,4.63,8.75,13.33,74,101592
09/29/2026 10:54:49,10770.0,340,4.63,8.75,13.33,74,101592
09/29/2026 10:55:19,10800.0,340,4.63,8.75,13.33,74,101592
09/29/2026 10:55:49,10830.0,340,4.63,8.75,13.33,74,101592
09/29/2026 10:56:19,10860.0,340,5.66,8.75,13.33,74,101592
09/29/2026 10:56:49,10890.0,340,5.66,8.75,13.33,74,101592
09/29/2026 10:57:19,10920.0,340,5.66,8.75,13.33,74,101592
09/29/2026 10:57:49,10950.0,340,5.66,8.75,13.33,74,101592
09/29/2026 10:58:19,10980.0,330,6.69,0.00,13.33,74,101592
09/29/2026 10:58:49,11010.0,330,6.69,0.00,13.33,74,101592
09/29/2026 10:59:19,11040.0,330,6.69,0.00,13.33,74,101592
09/29/2026 10:59:49,11070.0,330,6.69,0.00,13.33,74,101592
09/29/2026 11:00:19,11100.0,330,4.63,8.75,13.33,74,101592
09/29/2026 11:00:49,11130.0,330,4.63,8.75,13.33,74,101592
09/29/2026 11:01:19,11160.0,330,4.63,8.75,13.33,74,101592
09/29/2026 11:01:49,11190.0,330,4.63,8.75,13.33,74,101592
09/29/2026 11:02:19,11220.0,350,6.17,8.75,13.33,74,101592
09/29/2026 11:02:49,11250.0,350,6.17,8.75,13.33,74,101592
09/29/2026 11:03:19,11280.0,350,6.17,8.75,13.33,74,101592
09/29/2026 11:03:49,11310.0,350,6.17,8.75,13.33,74,101592
09/29/2026 11:04:19,11340.0,360,6.69,8.75,13.33,74,101592
09/29/2026 11:04:49,11370.0,360,6.69,8.75,13.33,74,101592
09/29/2026 11:05:19,11400.0,360,6.69,8.75,13.33,74,101592
09/29/2026 11:05:49,11430.0,360,6.69,8.75,13.33,74,101592
09/29/2026 11:06:19,11460.0,350,7.20,0.00,13.33,74,101558
09/29/2026 11:06:49,11490.0,350,7.20,0.00,13.33,74,101558
09/29/2026 11:07:19,11520.0,350,7.20,0.00,13.33,74,101558
09/29/2026 11:07:49,11550.0,350,7.20,0.00,13.33,74,101558
09/29/2026 11:08:19,11580.0,360,7.20,9.77,13.33,74,101558
09/29/2026 11:08:49,11610.0,360,7.20,9.77,13.33,74,101558
09/29/2026 11:09:19,11640.0,360,7.20,9.77,13.33,74,101558
09/29/2026 11:09:49,11670.0,360,7.20,9.77,13.33,74,101558
09/29/2026 11:10:19,11700.0,350,7.20,0.00,13.33,75,101558
09/29/2026 11:10:49,11730.0,350,7.20,0.00,13.33,75,101558
09/29/2026 11:11:19,11760.0,350,7.20,0.00,13.33,75,101558
09/29/2026 11:11:49,11790.0,350,7.20,0.00,13.33,75,101558
09/29/2026 11:12:19,11820.0,340,6.69,9.77,13.33,75,101558
09/29/2026 11:12:49,11850.0,340,6.69,9.77,13.33,75,101558
09/29/2026 11:13:19,11880.0,340,6.69,9.77,13.33,75,101558
09/29/2026 11:13:49,11910.0,340,6.69,9.77,13.33,75,101558
09/29/2026 11:14:19,11940.0,340,6.69,9.77,13.33,75,101558
09/29/2026 11:14:49,11970.0,340,7.72,11.83,12.78,75,101558
09/29/2026 11:15:19,12000.0,340,7.72,11.83,12.78,75,101558
09/29/2026 11:15:49,12030.0,340,7.72,11.83,12.78,75,101558
09/29/2026 11:16:19,12060.0,340,8.75,11.83,12.78,76,101558
09/29/2026 11:16:49,12090.0,340,8.75,11.83,12.78,76,101558
09/29/2026 11:17:19,12120.0,340,8.75,11.83,12.78,76,101558
09/29/2026 11:17:49,12150.0,340,8.75,11.83,12.78,76,101558
09/29/2026 11:18:19,12180.0,340,8.75,11.83,12.78,76,101558
09/29/2026 11:18:49,12210.0,340,8.23,11.83,12.78,75,101558
09/29/2026 11:19:19,12240.0,340,8.23,11.83,12.78,75,101558
09/29/2026 11:19:49,12270.0,340,8.23,11.83,12.78,75,101558
09/29/2026 11:20:19,12300.0,330,7.20,11.83,12.78,76,101558
09/29/2026 11:20:49,12330.0,330,7.20,11.83,12.78,76,101558
09/29/2026 11:21:19,12360.0,330,7.20,11.83,12.78,76,101558
09/29/2026 11:21:49,12390.0,330,7.20,11.83,12.78,76,101558
09/29/2026 11:22:19,12420.0,320,6.69,11.83,13.33,76,101558
09/29/2026 11:22:49,12450.0,320,6.69,11.83,13.33,76,101558
09/29/2026 11:23:19,12480.0,320,6.69,11.83,13.33,76,101558
09/29/2026 11:23:49,12510.0,320,6.69,11.83,13.33,76,101558
09/29/2026 11:24:19,12540.0,340,5.66,11.32,13.33,75,101558
09/29/2026 11:24:49,12570.0,340,5.66,11.32,13.33,75,101558
09/29/2026 11:25:19,12600.0,340,5.66,11.32,13.33,75,101558
09/29/2026 11:25:49,12630.0,340,5.66,11.32,13.33,75,101558
09/29/2026 11:26:19,12660.0,350,7.20,10.29,13.33,76,101558
09/29/2026 11:26:49,12690.0,350,7.20,10.29,13.33,76,101558
09/29/2026 11:27:19,12720.0,350,7.20,10.29,13.33,76,101558
09/29/2026 11:27:49,12750.0,350,7.20,10.29,13.33,76,101558
09/29/2026 11:28:19,12780.0,350,7.72,10.29,13.33,76,101558
09/29/2026 11:28:49,12810.0,350,7.72,10.29,13.33,76,101558
09/29/2026 11:29:19,12840.0,350,7.72,10.29,13.33,76,101558
09/29/2026 11:29:49,12870.0,350,7.72,10.29,13.33,76,101558
09/29/2026 11:30:19,12900.0,340,7.72,10.29,12.78,76,101558
09/29/2026 11:30:49,12930.0,340,7.72,10.29,12.78,76,101558
09/29/2026 11:31:19,12960.0,340,7.72,10.29,12.78,76,101558
09/29/2026 11:31:49,12990.0,340,7.72,10.29,12.78,76,101558
09/29/2026 11:32:19,13020.0,350,6.17,10.29,13.33,75,101558
09/29/2026 11:32:49,13050.0,350,6.17,10.29,13.33,75,101558
09/29/2026 11:33:19,13080.0,350,6.17,10.29,13.33,75,101558
09/29/2026 11:33:49,13110.0,350,6.17,10.29,13.33,75,101558
09/29/2026 11:34:19,13140.0,330,7.20,10.29,12.78,76,101558
09/29/2026 11:34:49,13170.0,330,7.20,10.29,12.78,76,101558
09/29/2026 11:35:19,13200.0,330,7.20,10.29,12.78,76,101558
09/29/2026 11:35:49,13230.0,330,7.20,10.29,12.78,76,101558
09/29/2026 11:36:19,13260.0,330,5.66,10.29,12.78,76,101592
09/29/2026 11:36:49,13290.0,330,5.66,10.29,12.78,76,101592
09/29/2026 11:37:19,13320.0,330,5.66,10.29,12.78,76,101592
09/29/2026 11:37:49,13350.0,330,5.66,10.29,12.78,76,101592
09/29/2026 11:38:19,13380.0,330,5.66,10.29,12.78,76,101592
09/29/2026 11:38:49,13410.0,330,6.69,10.29,13.33,76,101592
09/29/2026 11:39:19,13440.0,330,6.69,10.29,13.33,76,101592
09/29/2026 11:39:49,13470.0,330,6.69,10.29,13.33,76,101592
09/29/2026 11:40:19,13500.0,330,7.20,9.77,13.33,76,101592
09/29/2026 11:40:49,13530.0,330,7.20,9.77,13.33,76,101592
09/29/2026 11:41:19,13560.0,330,7.20,9.77,13.33,76,101592
09/29/2026 11:41:49,13590.0,330,7.20,9.77,13.33,76,101592
09/29/2026 11:42:19,13620.0,330,7.20,9.77,13.33,76,101592
09/29/2026 11:42:49,13650.0,320,7.72,10.80,13.33,75,101592
09/29/2026 11:43:19,13680.0,320,7.72,10.80,13.33,75,101592
09/29/2026 11:43:49,13710.0,320,7.72,10.80,13.33,75,101592
09/29/2026 11:44:19,13740.0,320,6.69,10.80,12.78,76,101592
09/29/2026 11:44:49,13770.0,320,6.69,10.80,12.78,76,101592
09/29/2026 11:45:19,13800.0,320,6.69,10.80,12.78,76,101592
09/29/2026 11:45:49,13830.0,320,6.69,10.80,12.78,76,101592
09/29/2026 11:46:19,13860.0,330,5.66,10.80,13.33,74,101558
09/29/2026 11:46:49,13890.0,330,5.66,10.80,13.33,74,101558
09/29/2026 11:47:19,13920.0,330,5.66,10.80,13.33,74,101558
09/29/2026 11:47:49,13950.0,330,5.66,10.80,13.33,74,101558
09/29/2026 11:48:19,13980.0,340,5.14,10.80,13.33,75,101558
09/29/2026 11:48:49,14010.0,340,5.14,10.80,13.33,75,101558
09/29/2026 11:49:19,14040.0,340,5.14,10.80,13.33,75,101558
09/29/2026 11:49:49,14070.0,340,5.14,10.80,13.33,75,101558
09/29/2026 11:50:19,14100.0,320,8.23,10.80,13.33,75,101558
09/29/2026 11:50:49,14130.0,320,8.23,10.80,13.33,75,101558
09/29/2026 11:51:19,14160.0,320,8.23,10.80,13.33,75,101558
09/29/2026 11:51:49,14190.0,320,8.23,10.80,13.33,75,101558
09/29/2026 11:52:19,14220.0,320,8.23,10.80,13.33,75,101558
09/29/2026 11:52:49,14250.0,320,8.23,10.80,13.33,76,101558
09/29/2026 11:53:19,14280.0,320,8.23,10.80,13.33,76,101558
09/29/2026 11:53:49,14310.0,320,8.23,10.80,13.33,76,101558
09/29/2026 11:54:19,14340.0,330,8.23,11.83,13.33,75,101558
09/29/2026 11:54:49,14370.0,330,8.23,11.83,13.33,75,101558
09/29/2026 11:55:19,14400.0,330,8.23,11.83,13.33,75,101558
09/29/2026 11:55:49,14430.0,330,8.23,11.83,13.33,75,101558
09/29/2026 11:56:19,14460.0,320,8.23,11.83,13.33,75,101558
09/29/2026 11:56:49,14490.0,320,8.23,11.83,13.33,75,101558
09/29/2026 11:57:19,14520.0,320,8.23,11.83,13.33,75,101558
09/29/2026 11:57:49,14550.0,320,8.23,11.83,13.33,75,101558
09/29/2026 11:58:19,14580.0,330,8.23,11.83,13.33,76,101558
09/29/2026 11:58:49,14610.0,330,8.23,11.83,13.33,76,101558
09/29/2026 11:59:19,14640.0,330,8.23,11.83,13.33,76,101558
09/29/2026 11:59:49,14670.0,330,8.23,11.83,13.33,76,101558
09/29/2026 12:00:19,14700.0,330,8.75,11.83,13.33,75,101558
09/29/2026 12:00:49,14730.0,330,8.75,11.83,13.33,75,101558
09/29/2026 12:01:19,14760.0,330,8.75,11.83,13.33,75,101558
09/29/2026 12:01:49,14790.0,330,8.75,11.83,13.33,75,101558
09/29/2026 12:02:19,14820.0,320,9.77,11.83,12.78,76,101558
09/29/2026 12:02:49,14850.0,320,9.77,11.83,12.78,76,101558
09/29/2026 12:03:19,14880.0,320,9.77,11.83,12.78,76,101558
09/29/2026 12:03:49,14910.0,320,9.77,11.83,12.78,76,101558
09/29/2026 12:04:19,14940.0,330,8.23,11.83,12.78,76,101558
09/29/2026 12:04:49,14970.0,330,8.23,11.83,12.78,76,101558
09/29/2026 12:05:19,15000.0,330,8.23,11.83,12.78,76,101558
09/29/2026 12:05:49,15030.0,330,8.23,11.83,12.78,76,101558
09/29/2026 12:06:19,15060.0,330,8.75,11.83,12.78,76,101558
09/29/2026 12:06:49,15090.0,330,8.75,11.83,12.78,76,101558
09/29/2026 12:07:19,15120.0,330,8.75,11.83,12.78,76,101558
09/29/2026 12:07:49,15150.0,330,8.75,11.83,12.78,76,101558
09/29/2026 12:08:19,15180.0,320,7.20,11.83,12.78,77,101558
09/29/2026 12:08:49,15210.0,320,7.20,11.83,12.78,77,101558
09/29/2026 12:09:19,15240.0,320,7.20,11.83,12.78,77,101558
09/29/2026 12:09:49,15270.0,320,7.20,11.83,12.78,77,101558
09/29/2026 12:10:19,15300.0,320,7.20,11.83,12.78,75,101558
09/29/2026 12:10:49,15330.0,320,7.20,11.83,12.78,75,101558
09/29/2026 12:11:19,15360.0,320,7.20,11.83,12.78,75,101558
09/29/2026 12:11:49,15390.0,320,7.20,11.83,12.78,75,101558
09/29/2026 12:12:19,15420.0,350,7.72,11.32,12.78,76,101558
09/29/2026 12:12:49,15450.0,350,7.72,11.32,12.78,76,101558
09/29/2026 12:13:19,15480.0,350,7.72,11.32,12.78,76,101558
09/29/2026 12:13:49,15510.0,350,7.72,11.32,12.78,76,101558
09/29/2026 12:14:19,15540.0,320,7.20,11.32,12.78,75,101558
09/29/2026 12:14:49,15570.0,320,7.20,11.32,12.78,75,101558
09/29/2026 12:15:19,15600.0,320,7.20,11.32,12.78,75,101558
09/29/2026 12:15:49,15630.0,320,7.20,11.32,12.78,75,101558
09/29/2026 12:16:19,15660.0,320,8.23,10.80,12.78,76,101558
09/29/2026 12:16:49,15690.0,320,8.23,10.80,12.78,76,101558
09/29/2026 12:17:19,15720.0,320,8.23,10.80,12.78,76,101558
09/29/2026 12:17:49,15750.0,320,8.23,10.80,12.78,76,101558
09/29/2026 12:18:19,15780.0,310,7.72,10.80,12.78,75,101558
09/29/2026 12:18:49,15810.0,310,7.72,10.80,12.78,75,101558
09/29/2026 12:19:19,15840.0,310,7.72,10.80,12.78,75,101558
09/29/2026 12:19:49,15870.0,310,7.72,10.80,12.78,75,101558
09/29/2026 12:20:19,15900.0,320,8.23,10.80,12.78,75,101558
09/29/2026 12:20:49,15930.0,320,8.23,10.80,12.78,75,101558
09/29/2026 12:21:19,15960.0,320,8.23,10.80,12.78,75,101558
09/29/2026 12:21:49,15990.0,320,8.23,10.80,12.78,75,101558
09/29/2026 12:22:19,16020.0,320,8.75,0.00,12.78,76,101558
09/29/2026 12:22:49,16050.0,320,8.75,0.00,12.78,76,101558
09/29/2026 12:23:19,16080.0,320,8.75,0.00,12.78,76,101558
09/29/2026 12:23:49,16110.0,320,8.75,0.00,12.78,76,101558
09/29/2026 12:24:19,16140.0,320,8.75,0.00,12.78,76,101558
09/29/2026 12:24:49,16170.0,320,6.69,11.32,12.78,76,101558
09/29/2026 12:25:19,16200.0,320,6.69,11.32,12.78,76,101558
09/29/2026 12:25:49,16230.0,320,6.69,11.32,12.78,76,101558
09/29/2026 12:26:19,16260.0,320,5.14,11.32,13.33,73,101592
09/29/2026 12:26:49,16290.0,320,5.14,11.32,13.33,73,101592
09/29/2026 12:27:19,16320.0,320,5.14,11.32,13.33,73,101592
09/29/2026 12:27:49,16350.0,320,5.14,11.32,13.33,73,101592
09/29/2026 12:28:19,16380.0,310,7.72,11.32,13.33,74,101592
09/29/2026 12:28:49,16410.0,310,7.72,11.32,13.33,74,101592
09/29/2026 12:29:19,16440.0,310,7.72,11.32,13.33,74,101592
09/29/2026 12:29:49,16470.0,310,7.72,11.32,13.33,74,101592
09/29/2026 12:30:19,16500.0,310,6.17,11.32,13.33,74,101592
09/29/2026 12:30:49,16530.0,310,6.17,11.32,13.33,74,101592
09/29/2026 12:31:19,16560.0,310,6.17,11.32,13.33,74,101592
09/29/2026 12:31:49,16590.0,310,6.17,11.32,13.33,74,101592
09/29/2026 12:32:19,16620.0,310,7.20,10.80,13.33,73,101592
09/29/2026 12:32:49,16650.0,310,7.20,10.80,13.33,73,101592
09/29/2026 12:33:19,16680.0,310,7.20,10.80,13.33,73,101592
09/29/2026 12:33:49,16710.0,310,7.20,10.80,13.33,73,101592
09/29/2026 12:34:19,16740.0,310,7.72,10.80,12.78,74,101592
09/29/2026 12:34:49,16770.0,310,7.72,10.80,12.78,74,101592
09/29/2026 12:35:19,16800.0,310,7.72,10.80,12.78,74,101592
09/29/2026 12:35:49,16830.0,310,7.72,10.80,12.78,74,101592
09/29/2026 12:36:19,16860.0,320,9.26,0.00,12.78,75,101558
09/29/2026 12:36:49,16890.0,320,9.26,0.00,12.78,75,101558
09/29/2026 12:37:19,16920.0,320,9.26,0.00,12.78,75,101558
09/29/2026 12:37:49,16950.0,320,9.26,0.00,12.78,75,101558
09/29/2026 12:38:19,16980.0,320,9.26,11.32,12.78,75,101558
09/29/2026 12:38:49,17010.0,320,9.26,11.32,12.78,75,101558
09/29/2026 12:39:19,17040.0,320,9.26,11.32,12.78,75,101558
09/29/2026 12:39:49,17070.0,320,9.26,11.32,12.78,75,101558
09/29/2026 12:40:19,17100.0,310,7.72,11.32,12.78,75,101558
09/29/2026 12:40:49,17130.0,310,7.72,11.32,12.78,75,101558
09/29/2026 12:41:19,17160.0,310,7.72,11.32,12.78,75,101558
09/29/2026 12:41:49,17190.0,310,7.72,11.32,12.78,75,101558
09/29/2026 12:42:19,17220.0,320,8.75,11.32,12.78,75,101558
09/29/2026 12:42:49,17250.0,320,8.75,11.32,12.78,75,101558
09/29/2026 12:43:19,17280.0,320,8.75,11.32,12.78,75,101558
09/29/2026 12:43:49,17310.0,320,8.75,11.32,12.78,75,101558
09/29/2026 12:44:19,17340.0,330,8.23,11.32,12.78,75,101558
09/29/2026 12:44:49,17370.0,330,8.23,11.32,12.78,75,101558
09/29/2026 12:45:19,17400.0,330,8.23,11.32,12.78,75,101558
09/29/2026 12:45:49,17430.0,330,8.23,11.32,12.78,75,101558
09/29/2026 12:46:19,17460.0,320,7.72,11.32,12.78,76,101524
09/29/2026 12:46:49,17490.0,320,7.72,11.32,12.78,76,101524
09/29/2026 12:47:19,17520.0,320,7.72,11.32,12.78,76,101524
09/29/2026 12:47:49,17550.0,320,7.72,11.32,12.78,76,101524
09/29/2026 12:48:19,17580.0,320,7.72,11.32,12.78,76,101524
09/29/2026 12:48:49,17610.0,330,8.75,11.32,12.78,76,101524
09/29/2026 12:49:19,17640.0,330,8.75,11.32,12.78,76,101524
09/29/2026 12:49:49,17670.0,330,8.75,11.32,12.78,76,101524
09/29/2026 12:50:19,17700.0,320,9.77,11.83,12.22,77,101524
09/29/2026 12:50:49,17730.0,320,9.77,11.83,12.22,77,101524
09/29/2026 12:51:19,17760.0,320,9.77,11.83,12.22,77,101524
09/29/2026 12:51:49,17790.0,320,9.77,11.83,12.22,77,101524
09/29/2026 12:52:19,17820.0,320,8.23,11.83,12.22,77,101524
09/29/2026 12:52:49,17850.0,320,8.23,11.83,12.22,77,101524
09/29/2026 12:53:19,17880.0,320,8.23,11.83,12.22,77,101524
09/29/2026 12:53:49,17910.0,320,8.23,11.83,12.22,77,101524
09/29/2026 12:54:19,17940.0,320,7.20,11.83,12.22,77,101524
09/29/2026 12:54:49,17970.0,320,7.20,11.83,12.22,77,101524
09/29/2026 12:55:19,18000.0,320,7.20,11.83,12.22,77,101524
09/29/2026 12:55:49,18030.0,320,7.20,11.83,12.22,77,101524
09/29/2026 12:56:19,18060.0,320,7.20,11.83,12.78,76,101490
09/29/2026 12:56:49,18090.0,320,7.20,11.83,12.78,76,101490
09/29/2026 12:57:19,18120.0,320,7.20,11.83,12.78,76,101490
09/29/2026 12:57:49,18150.0,320,7.20,11.83,12.78,76,101490
09/29/2026 12:58:19,18180.0,330,6.69,11.83,12.78,75,101490
09/29/2026 12:58:49,18210.0,330,6.69,11.83,12.78,75,101490
09/29/2026 12:59:19,18240.0,330,6.69,11.83,12.78,75,101490
09/29/2026 12:59:49,18270.0,330,6.69,11.83,12.78,75,101490
09/29/2026 13:00:19,18300.0,330,8.23,0.00,12.78,76,101456
09/29/2026 13:00:49,18330.0,330,8.23,0.00,12.78,76,101456
09/29/2026 13:01:19,18360.0,330,8.23,0.00,12.78,76,101456
09/29/2026 13:01:49,18390.0,330,8.23,0.00,12.78,76,101456
09/29/2026 13:02:19,18420.0,330,8.23,0.00,12.78,76,101456
09/29/2026 13:02:49,18450.0,330,7.72,9.77,12.22,76,101456
09/29/2026 13:03:19,18480.0,330,7.72,9.77,12.22,76,101456
09/29/2026 13:03:49,18510.0,330,7.72,9.77,12.22,76,101456
09/29/2026 13:04:19,18540.0,320,6.69,10.29,12.78,75,101456
09/29/2026 13:04:49,18570.0,320,6.69,10.29,12.78,75,101456
09/29/2026 13:05:19,18600.0,320,6.69,10.29,12.78,75,101456
09/29/2026 13:05:49,18630.0,320,6.69,10.29,12.78,75,101456
09/29/2026 13:06:19,18660.0,320,8.23,10.80,12.78,75,101456
09/29/2026 13:06:49,18690.0,320,8.23,10.80,12.78,75,101456
09/29/2026 13:07:19,18720.0,320,8.23,10.80,12.78,75,101456
09/29/2026 13:07:49,18750.0,320,8.23,10.80,12.78,75,101456
09/29/2026 13:08:19,18780.0,320,7.20,10.80,12.78,75,101456
09/29/2026 13:08:49,18810.0,320,7.20,10.80,12.78,75,101456
09/29/2026 13:09:19,18840.0,320,7.20,10.80,12.78,75,101456
09/29/2026 13:09:49,18870.0,320,7.20,10.80,12.78,75,101456
09/29/2026 13:10:19,18900.0,320,6.69,10.80,13.33,74,101524
09/29/2026 13:10:49,18930.0,320,6.69,10.80,13.33,74,101524
09/29/2026 13:11:19,18960.0,320,6.69,10.80,13.33,74,101524
09/29/2026 13:11:49,18990.0,320,6.69,10.80,13.33,74,101524
09/29/2026 13:12:19,19020.0,320,6.17,10.80,13.33,73,101524
09/29/2026 13:12:49,19050.0,320,6.17,10.80,13.33,73,101524
09/29/2026 13:13:19,19080.0,320,6.17,10.80,13.33,73,101524
09/29/2026 13:13:49,19110.0,320,6.17,10.80,13.33,73,101524
09/29/2026 13:14:19,19140.0,320,6.17,10.80,13.33,73,101524
09/29/2026 13:14:49,19170.0,320,6.69,10.80,13.33,73,101524
09/29/2026 13:15:19,19200.0,320,6.69,10.80,13.33,73,101524
09/29/2026 13:15:49,19230.0,320,6.69,10.80,13.33,73,101524
09/29/2026 13:16:19,19260.0,310,4.63,10.29,13.33,71,101524
09/29/2026 13:16:49,19290.0,310,4.63,10.29,13.33,71,101524
09/29/2026 13:17:19,19320.0,310,4.63,10.29,13.33,71,101524
09/29/2026 13:17:49,19350.0,310,4.63,10.29,13.33,71,101524
09/29/2026 13:18:19,19380.0,320,5.14,10.29,13.89,71,101524
09/29/2026 13:18:49,19410.0,320,5.14,10.29,13.89,71,101524
09/29/2026 13:19:19,19440.0,320,5.14,10.29,13.89,71,101524
09/29/2026 13:19:49,19470.0,320,5.14,10.29,13.89,71,101524
09/29/2026 13:20:19,19500.0,320,7.20,10.29,13.33,72,101524
09/29/2026 13:20:49,19530.0,320,7.20,10.29,13.33,72,101524
09/29/2026 13:21:19,19560.0,320,7.20,10.29,13.33,72,101524
09/29/2026 13:21:49,19590.0,320,7.20,10.29,13.33,72,101524
09/29/2026 13:22:19,19620.0,320,4.63,10.29,13.33,72,101524
09/29/2026 13:22:49,19650.0,320,4.63,10.29,13.33,72,101524
09/29/2026 13:23:19,19680.0,320,4.63,10.29,13.33,72,101524
09/29/2026 13:23:49,19710.0,320,4.63,10.29,13.33,72,101524
09/29/2026 13:24:19,19740.0,320,4.12,10.29,13.33,71,101524
09/29/2026 13:24:49,19770.0,320,4.12,10.29,13.33,71,101524
09/29/2026 13:25:19,19800.0,320,4.12,10.29,13.33,71,101524
09/29/2026 13:25:49,19830.0,320,4.12,10.29,13.33,71,101524
09/29/2026 13:26:19,19860.0,330,4.12,10.29,13.33,70,101524
09/29/2026 13:26:49,19890.0,330,4.12,10.29,13.33,70,101524
09/29/2026 13:27:19,19920.0,330,4.12,10.29,13.33,70,101524
09/29/2026 13:27:49,19950.0,330,4.12,10.29,13.33,70,101524
09/29/2026 13:28:19,19980.0,340,4.63,10.29,13.33,71,101524
09/29/2026 13:28:49,20010.0,340,4.63,10.29,13.33,71,101524
09/29/2026 13:29:19,20040.0,340,4.63,10.29,13.33,71,101524
09/29/2026 13:29:49,20070.0,340,4.63,10.29,13.33,71,101524
09/29/2026 13:30:19,20100.0,350,5.14,7.72,13.33,70,101524
09/29/2026 13:30:49,20130.0,350,5.14,7.72,13.33,70,101524
09/29/2026 13:31:19,20160.0,350,5.14,7.72,13.33,70,101524
09/29/2026 13:31:49,20190.0,350,5.14,7.72,13.33,70,101524
09/29/2026 13:32:19,20220.0,320,3.60,7.72,13.89,68,101524
09/29/2026 13:32:49,20250.0,320,3.60,7.72,13.89,68,101524
09/29/2026 13:33:19,20280.0,320,3.60,7.72,13.89,68,101524
09/29/2026 13:33:49,20310.0,320,3.60,7.72,13.89,68,101524
09/29/2026 13:34:19,20340.0,320,3.60,7.72,13.89,69,101524
09/29/2026 13:34:49,20370.0,320,3.60,7.72,13.89,69,101524
09/29/2026 13:35:19,20400.0,320,3.60,7.72,13.89,69,101524
09/29/2026 13:35:49,20430.0,320,3.60,7.72,13.89,69,101524
09/29/2026 13:36:19,20460.0,320,3.09,7.72,13.89,68,101558
09/29/2026 13:36:49,20490.0,320,3.09,7.72,13.89,68,101558
09/29/2026 13:37:19,20520.0,320,3.09,7.72,13.89,68,101558
09/29/2026 13:37:49,20550.0,320,3.09,7.72,13.89,68,101558
09/29/2026 13:38:19,20580.0,320,5.14,0.00,13.89,69,101558
09/29/2026 13:38:49,20610.0,320,5.14,0.00,13.89,69,101558
09/29/2026 13:39:19,20640.0,320,5.14,0.00,13.89,69,101558
09/29/2026 13:39:49,20670.0,320,5.14,0.00,13.89,69,101558
09/29/2026 13:40:19,20700.0,310,3.60,6.17,13.89,69,101558
09/29/2026 13:40:49,20730.0,310,3.60,6.17,13.89,69,101558
09/29/2026 13:41:19,20760.0,310,3.60,6.17,13.89,69,101558
09/29/2026 13:41:49,20790.0,310,3.60,6.17,13.89,69,101558
09/29/2026 13:42:19,20820.0,310,3.60,0.00,13.89,68,101558
09/29/2026 13:42:49,20850.0,310,3.60,0.00,13.89,68,101558
09/29/2026 13:43:19,20880.0,310,3.60,0.00,13.89,68,101558
09/29/2026 13:43:49,20910.0,310,3.60,0.00,13.89,68,101558
09/29/2026 13:44:19,20940.0,320,4.12,0.00,13.89,69,101558
09/29/2026 13:44:49,20970.0,320,4.12,0.00,13.89,69,101558
09/29/2026 13:45:19,21000.0,320,4.12,0.00,13.89,69,101558
09/29/2026 13:45:49,21030.0,320,4.12,0.00,13.89,69,101558
09/29/2026 13:46:19,21060.0,320,4.63,0.00,13.89,69,101558
09/29/2026 13:46:49,21090.0,320,4.63,0.00,13.89,69,101558
09/29/2026 13:47:19,21120.0,320,4.63,0.00,13.89,69,101558
09/29/2026 13:47:49,21150.0,320,4.63,0.00,13.89,69,101558
09/29/2026 13:48:19,21180.0,310,3.60,0.00,13.89,68,101558
09/29/2026 13:48:49,21210.0,310,3.60,0.00,13.89,68,101558
09/29/2026 13:49:19,21240.0,310,3.60,0.00,13.89,68,101558
09/29/2026 13:49:49,21270.0,310,3.60,0.00,13.89,68,101558
09/29/2026 13:50:19,21300.0,320,4.63,0.00,14.44,67,101558
09/29/2026 13:50:49,21330.0,320,4.63,0.00,14.44,67,101558
09/29/2026 13:51:19,21360.0,320,4.63,0.00,14.44,67,101558
09/29/2026 13:51:49,21390.0,320,4.63,0.00,14.44,67,101558
09/29/2026 13:52:19,21420.0,320,5.14,0.00,14.44,67,101558
09/29/2026 13:52:49,21450.0,320,5.14,0.00,14.44,67,101558
09/29/2026 13:53:19,21480.0,320,5.14,0.00,14.44,67,101558
09/29/2026 13:53:49,21510.0,320,5.14,0.00,14.44,67,101558
09/29/2026 13:54:19,21540.0,320,5.14,0.00,14.44,67,101558
09/29/2026 13:54:49,21570.0,310,5.66,0.00,14.44,67,101558
09/29/2026 13:55:19,21600.0,310,5.66,0.00,14.44,67,101558
09/29/2026 13:55:49,21630.0,310,5.66,0.00,14.44,67,101558
09/29/2026 13:56:19,21660.0,320,4.12,0.00,14.44,67,101558
09/29/2026 13:56:49,21690.0,320,4.12,0.00,14.44,67,101558
09/29/2026 13:57:19,21720.0,320,4.12,0.00,14.44,67,101558
09/29/2026 13:57:49,21750.0,320,4.12,0.00,14.44,67,101558
09/29/2026 13:58:19,21780.0,320,3.60,6.69,14.44,67,101558
09/29/2026 13:58:49,21810.0,320,3.60,6.69,14.44,67,101558
09/29/2026 13:59:19,21840.0,320,3.60,6.69,14.44,67,101558
09/29/2026 13:59:49,21870.0,320,3.60,6.69,14.44,67,101558
09/29/2026 14:00:19,21900.0,330,3.60,0.00,14.44,67,101558
09/29/2026 14:00:49,21930.0,330,3.60,0.00,14.44,67,101558
09/29/2026 14:01:19,21960.0,330,3.60,0.00,14.44,67,101558
09/29/2026 14:01:49,21990.0,330,3.60,0.00,14.44,67,101558
09/29/2026 14:02:19,22020.0,330,3.09,6.17,14.44,67,101558
09/29/2026 14:02:49,22050.0,330,3.09,6.17,14.44,67,101558
09/29/2026 14:03:19,22080.0,330,3.09,6.17,14.44,67,101558
09/29/2026 14:03:49,22110.0,330,3.09,6.17,14.44,67,101558
09/29/2026 14:04:19,22140.0,320,4.12,0.00,15.00,65,101558
09/29/2026 14:04:49,22170.0,320,4.12,0.00,15.00,65,101558
09/29/2026 14:05:19,22200.0,320,4.12,0.00,15.00,65,101558
09/29/2026 14:05:49,22230.0,320,4.12,0.00,15.00,65,101558
09/29/2026 14:06:19,22260.0,320,4.12,0.00,15.00,65,101558
09/29/2026 14:06:49,22290.0,310,4.63,0.00,14.44,65,101558
09/29/2026 14:07:19,22320.0,310,4.63,0.00,14.44,65,101558
09/29/2026 14:07:49,22350.0,310,4.63,0.00,14.44,65,101558
09/29/2026 14:08:19,22380.0,320,5.14,7.20,14.44,65,101558
09/29/2026 14:08:49,22410.0,320,5.14,7.20,14.44,65,101558
09/29/2026 14:09:19,22440.0,320,5.14,7.20,14.44,65,101558
09/29/2026 14:09:49,22470.0,320,5.14,7.20,14.44,65,101558
09/29/2026 14:10:19,22500.0,310,5.66,0.00,15.00,65,101558
09/29/2026 14:10:49,22530.0,310,5.66,0.00,15.00,65,101558
09/29/2026 14:11:19,22560.0,310,5.66,0.00,15.00,65,101558
09/29/2026 14:11:49,22590.0,310,5.66,0.00,15.00,65,101558
09/29/2026 14:12:19,22620.0,320,4.63,0.00,15.00,64,101558
09/29/2026 14:12:49,22650.0,320,4.63,0.00,15.00,64,101558
09/29/2026 14:13:19,22680.0,320,4.63,0.00,15.00,64,101558
09/29/2026 14:13:49,22710.0,320,4.63,0.00,15.00,64,101558
09/29/2026 14:14:19,22740.0,330,4.63,0.00,15.00,64,101558
09/29/2026 14:14:49,22770.0,330,4.63,0.00,15.00,64,101558
09/29/2026 14:15:19,22800.0,330,4.63,0.00,15.00,64,101558
09/29/2026 14:15:49,22830.0,330,4.63,0.00,15.00,64,101558
09/29/2026 14:16:19,22860.0,340,3.09,7.20,15.00,64,101558
09/29/2026 14:16:49,22890.0,340,3.09,7.20,15.00,64,101558
09/29/2026 14:17:19,22920.0,340,3.09,7.20,15.00,64,101558
09/29/2026 14:17:49,22950.0,340,3.09,7.20,15.00,64,101558
09/29/2026 14:18:19,22980.0,350,3.09,7.20,15.00,64,101558
09/29/2026 14:18:49,23010.0,350,3.09,7.20,15.00,64,101558
09/29/2026 14:19:19,23040.0,350,3.09,7.20,15.00,64,101558
09/29/2026 14:19:49,23070.0,350,3.09,7.20,15.00,64,101558
09/29/2026 14:20:19,23100.0,340,3.09,0.00,15.56,62,101558
09/29/2026 14:20:49,23130.0,340,3.09,0.00,15.56,62,101558
09/29/2026 14:21:19,23160.0,340,3.09,0.00,15.56,62,101558
09/29/2026 14:21:49,23190.0,340,3.09,0.00,15.56,62,101558
09/29/2026 14:22:19,23220.0,350,3.60,6.17,15.56,62,101558
09/29/2026 14:22:49,23250.0,350,3.60,6.17,15.56,62,101558
09/29/2026 14:23:19,23280.0,350,3.60,6.17,15.56,62,101558
09/29/2026 14:23:49,23310.0,350,3.60,6.17,15.56,62,101558
09/29/2026 14:24:19,23340.0,350,3.60,6.17,15.56,62,101558
09/29/2026 14:24:49,23370.0,340,3.60,0.00,15.56,62,101558
09/29/2026 14:25:19,23400.0,340,3.60,0.00,15.56,62,101558
09/29/2026 14:25:49,23430.0,340,3.60,0.00,15.56,62,101558
09/29/2026 14:26:19,23460.0,320,3.60,0.00,15.56,61,101558
09/29/2026 14:26:49,23490.0,320,3.60,0.00,15.56,61,101558
09/29/2026 14:27:19,23520.0,320,3.60,0.00,15.56,61,101558
09/29/2026 14:27:49,23550.0,320,3.60,0.00,15.56,61,101558
09/29/2026 14:28:19,23580.0,320,3.60,0.00,15.56,61,101558
09/29/2026 14:28:49,23610.0,310,3.09,6.69,15.56,61,101558
09/29/2026 14:29:19,23640.0,310,3.09,6.69,15.56,61,101558
09/29/2026 14:29:49,23670.0,310,3.09,6.69,15.56,61,101558
09/29/2026 14:30:19,23700.0,310,4.12,0.00,15.56,62,101524
09/29/2026 14:30:49,23730.0,310,4.12,0.00,15.56,62,101524
09/29/2026 14:31:19,23760.0,310,4.12,0.00,15.56,62,101524
09/29/2026 14:31:49,23790.0,310,4.12,0.00,15.56,62,101524
09/29/2026 14:32:19,23820.0,310,4.12,0.00,15.56,62,101524
09/29/2026 14:32:49,23850.0,320,5.66,0.00,15.56,61,101524
09/29/2026 14:33:19,23880.0,320,5.66,0.00,15.56,61,101524
09/29/2026 14:33:49,23910.0,320,5.66,0.00,15.56,61,101524
09/29/2026 14:34:19,23940.0,330,4.63,0.00,15.56,62,101524
